0,0,.,-858993460
0,1,.,-858993460
0,2,.,-858993460
0,3,.,-858993460
0,4,.,-858993460
0,5,.,-858993460
0,6,.,-858993460
0,7,.,-858993460
0,8,.,-858993460
0,9,.,-858993460
0,10,.,-858993460
0,11,.,-858993460
0,12,.,-858993460
0,13,.,-858993460
0,14,.,-858993460
0,15,.,-858993460
0,16,.,-858993460
0,17,.,-858993460
0,18,.,-858993460
0,19,.,-858993460
0,20,.,-858993460
0,21,.,-858993460
0,22,.,-858993460
0,23,.,-858993460
0,24,.,-858993460
0,25,.,-858993460
0,26,.,-858993460
0,27,.,-858993460
0,28,.,-858993460
0,29,.,-858993460
0,30,.,-858993460
0,31,.,-858993460
0,32,.,-858993460
0,33,.,-858993460
0,34,.,-858993460
0,35,.,-858993460
0,36,.,-858993460
0,37,.,-858993460
0,38,.,-858993460
0,39,.,-858993460
0,40,.,-858993460
0,41,.,-858993460
0,42,.,-858993460
0,43,.,-858993460
0,44,.,-858993460
0,45,.,-858993460
0,46,.,-858993460
0,47,.,-858993460
0,48,.,-858993460
0,49,.,-858993460
0,50,.,-858993460
0,51,.,-858993460
0,52,.,-858993460
0,53,.,-858993460
0,54,.,-858993460
0,55,.,-858993460
0,56,.,-858993460
0,57,.,-858993460
0,58,.,-858993460
0,59,.,-858993460
0,60,.,-858993460
0,61,.,-858993460
0,62,.,-858993460
0,63,.,-858993460
0,64,.,-858993460
0,65,.,-858993460
0,66,.,-858993460
0,67,.,-858993460
0,68,.,-858993460
0,69,.,-858993460
0,70,.,-858993460
0,71,.,-858993460
0,72,.,-858993460
0,73,.,-858993460
0,74,.,-858993460
1,0,.,-858993460
1,1,.,-858993460
1,2,.,-858993460
1,3,.,-858993460
1,4,.,-858993460
1,5,.,-858993460
1,6,.,-858993460
1,7,.,-858993460
1,8,.,-858993460
1,9,.,-858993460
1,10,.,-858993460
1,11,.,-858993460
1,12,.,-858993460
1,13,.,-858993460
1,14,.,-858993460
1,15,.,-858993460
1,16,.,-858993460
1,17,.,-858993460
1,18,.,-858993460
1,19,.,-858993460
1,20,.,-858993460
1,21,.,-858993460
1,22,.,-858993460
1,23,.,-858993460
1,24,.,-858993460
1,25,.,-858993460
1,26,.,-858993460
1,27,.,-858993460
1,28,.,-858993460
1,29,.,-858993460
1,30,.,-858993460
1,31,.,-858993460
1,32,.,-858993460
1,33,.,-858993460
1,34,.,-858993460
1,35,.,-858993460
1,36,.,-858993460
1,37,.,-858993460
1,38,.,-858993460
1,39,.,-858993460
1,40,.,-858993460
1,41,.,-858993460
1,42,.,-858993460
1,43,.,-858993460
1,44,.,-858993460
1,45,.,-858993460
1,46,.,-858993460
1,47,.,-858993460
1,48,.,-858993460
1,49,.,-858993460
1,50,.,-858993460
1,51,.,-858993460
1,52,.,-858993460
1,53,.,-858993460
1,54,.,-858993460
1,55,.,-858993460
1,56,.,-858993460
1,57,.,-858993460
1,58,.,-858993460
1,59,.,-858993460
1,60,.,-858993460
1,61,.,-858993460
1,62,.,-858993460
1,63,.,-858993460
1,64,.,-858993460
1,65,.,-858993460
1,66,.,-858993460
1,67,.,-858993460
1,68,.,-858993460
1,69,.,-858993460
1,70,.,-858993460
1,71,.,-858993460
1,72,.,-858993460
1,73,.,-858993460
1,74,.,-858993460
2,0,.,-858993460
2,1,.,-858993460
2,2,.,-858993460
2,3,.,-858993460
2,4,.,-858993460
2,5,.,-858993460
2,6,.,-858993460
2,7,.,-858993460
2,8,.,-858993460
2,9,.,-858993460
2,10,.,-858993460
2,11,.,-858993460
2,12,.,-858993460
2,13,.,-858993460
2,14,.,-858993460
2,15,.,-858993460
2,16,.,-858993460
2,17,.,-858993460
2,18,.,-858993460
2,19,.,-858993460
2,20,.,-858993460
2,21,.,-858993460
2,22,.,-858993460
2,23,.,-858993460
2,24,.,-858993460
2,25,.,-858993460
2,26,.,-858993460
2,27,.,-858993460
2,28,.,-858993460
2,29,.,-858993460
2,30,.,-858993460
2,31,.,-858993460
2,32,.,-858993460
2,33,.,-858993460
2,34,.,-858993460
2,35,.,-858993460
2,36,.,-858993460
2,37,.,-858993460
2,38,.,-858993460
2,39,.,-858993460
2,40,.,-858993460
2,41,.,-858993460
2,42,.,-858993460
2,43,.,-858993460
2,44,.,-858993460
2,45,.,-858993460
2,46,.,-858993460
2,47,.,-858993460
2,48,.,-858993460
2,49,.,-858993460
2,50,.,-858993460
2,51,.,-858993460
2,52,.,-858993460
2,53,.,-858993460
2,54,.,-858993460
2,55,.,-858993460
2,56,.,-858993460
2,57,.,-858993460
2,58,.,-858993460
2,59,.,-858993460
2,60,.,-858993460
2,61,.,-858993460
2,62,.,-858993460
2,63,.,-858993460
2,64,.,-858993460
2,65,.,-858993460
2,66,.,-858993460
2,67,.,-858993460
2,68,.,-858993460
2,69,.,-858993460
2,70,.,-858993460
2,71,.,-858993460
2,72,.,-858993460
2,73,.,-858993460
2,74,.,-858993460
3,0,.,-858993460
3,1,.,-858993460
3,2,.,-858993460
3,3,.,-858993460
3,4,.,-858993460
3,5,.,-858993460
3,6,.,-858993460
3,7,.,-858993460
3,8,.,-858993460
3,9,.,-858993460
3,10,.,-858993460
3,11,.,-858993460
3,12,.,-858993460
3,13,.,-858993460
3,14,.,-858993460
3,15,.,-858993460
3,16,.,-858993460
3,17,.,-858993460
3,18,.,-858993460
3,19,.,-858993460
3,20,.,-858993460
3,21,.,-858993460
3,22,.,-858993460
3,23,.,-858993460
3,24,.,-858993460
3,25,.,-858993460
3,26,.,-858993460
3,27,.,-858993460
3,28,.,-858993460
3,29,.,-858993460
3,30,.,-858993460
3,31,.,-858993460
3,32,.,-858993460
3,33,.,-858993460
3,34,.,-858993460
3,35,.,-858993460
3,36,.,-858993460
3,37,.,-858993460
3,38,.,-858993460
3,39,.,-858993460
3,40,.,-858993460
3,41,.,-858993460
3,42,.,-858993460
3,43,.,-858993460
3,44,.,-858993460
3,45,.,-858993460
3,46,.,-858993460
3,47,.,-858993460
3,48,.,-858993460
3,49,.,-858993460
3,50,.,-858993460
3,51,.,-858993460
3,52,.,-858993460
3,53,.,-858993460
3,54,.,-858993460
3,55,.,-858993460
3,56,.,-858993460
3,57,.,-858993460
3,58,.,-858993460
3,59,.,-858993460
3,60,.,-858993460
3,61,.,-858993460
3,62,.,-858993460
3,63,.,-858993460
3,64,.,-858993460
3,65,.,-858993460
3,66,.,-858993460
3,67,.,-858993460
3,68,.,-858993460
3,69,.,-858993460
3,70,.,-858993460
3,71,.,-858993460
3,72,.,-858993460
3,73,.,-858993460
3,74,.,-858993460
4,0,.,-858993460
4,1,.,-858993460
4,2,.,-858993460
4,3,.,-858993460
4,4,.,-858993460
4,5,.,-858993460
4,6,.,-858993460
4,7,.,-858993460
4,8,.,-858993460
4,9,.,-858993460
4,10,.,-858993460
4,11,.,-858993460
4,12,.,-858993460
4,13,.,-858993460
4,14,.,-858993460
4,15,.,-858993460
4,16,.,-858993460
4,17,.,-858993460
4,18,.,-858993460
4,19,.,-858993460
4,20,.,-858993460
4,21,.,-858993460
4,22,.,-858993460
4,23,.,-858993460
4,24,.,-858993460
4,25,.,-858993460
4,26,.,-858993460
4,27,.,-858993460
4,28,.,-858993460
4,29,.,-858993460
4,30,.,-858993460
4,31,.,-858993460
4,32,.,-858993460
4,33,.,-858993460
4,34,.,-858993460
4,35,.,-858993460
4,36,.,-858993460
4,37,.,-858993460
4,38,.,-858993460
4,39,.,-858993460
4,40,.,-858993460
4,41,.,-858993460
4,42,.,-858993460
4,43,.,-858993460
4,44,.,-858993460
4,45,.,-858993460
4,46,.,-858993460
4,47,.,-858993460
4,48,.,-858993460
4,49,.,-858993460
4,50,.,-858993460
4,51,.,-858993460
4,52,.,-858993460
4,53,.,-858993460
4,54,.,-858993460
4,55,.,-858993460
4,56,.,-858993460
4,57,.,-858993460
4,58,.,-858993460
4,59,.,-858993460
4,60,.,-858993460
4,61,.,-858993460
4,62,.,-858993460
4,63,.,-858993460
4,64,.,-858993460
4,65,.,-858993460
4,66,.,-858993460
4,67,.,-858993460
4,68,.,-858993460
4,69,.,-858993460
4,70,.,-858993460
4,71,.,-858993460
4,72,.,-858993460
4,73,.,-858993460
4,74,.,-858993460
5,0,.,-858993460
5,1,.,-858993460
5,2,.,-858993460
5,3,.,-858993460
5,4,.,-858993460
5,5,.,-858993460
5,6,.,-858993460
5,7,.,-858993460
5,8,.,-858993460
5,9,.,-858993460
5,10,.,-858993460
5,11,.,-858993460
5,12,.,-858993460
5,13,.,-858993460
5,14,.,-858993460
5,15,.,-858993460
5,16,.,-858993460
5,17,.,-858993460
5,18,.,-858993460
5,19,.,-858993460
5,20,.,-858993460
5,21,.,-858993460
5,22,.,-858993460
5,23,.,-858993460
5,24,.,-858993460
5,25,.,-858993460
5,26,.,-858993460
5,27,.,-858993460
5,28,.,-858993460
5,29,.,-858993460
5,30,.,-858993460
5,31,.,-858993460
5,32,.,-858993460
5,33,.,-858993460
5,34,.,-858993460
5,35,.,-858993460
5,36,.,-858993460
5,37,.,-858993460
5,38,.,-858993460
5,39,.,-858993460
5,40,.,-858993460
5,41,.,-858993460
5,42,.,-858993460
5,43,.,-858993460
5,44,.,-858993460
5,45,.,-858993460
5,46,.,-858993460
5,47,.,-858993460
5,48,.,-858993460
5,49,.,-858993460
5,50,.,-858993460
5,51,.,-858993460
5,52,.,-858993460
5,53,.,-858993460
5,54,.,-858993460
5,55,.,-858993460
5,56,.,-858993460
5,57,.,-858993460
5,58,.,-858993460
5,59,.,-858993460
5,60,.,-858993460
5,61,.,-858993460
5,62,.,-858993460
5,63,.,-858993460
5,64,.,-858993460
5,65,.,-858993460
5,66,.,-858993460
5,67,.,-858993460
5,68,.,-858993460
5,69,.,-858993460
5,70,.,-858993460
5,71,.,-858993460
5,72,.,-858993460
5,73,.,-858993460
5,74,.,-858993460
6,0,.,-858993460
6,1,.,-858993460
6,2,.,-858993460
6,3,.,-858993460
6,4,.,-858993460
6,5,.,-858993460
6,6,.,-858993460
6,7,.,-858993460
6,8,.,-858993460
6,9,.,-858993460
6,10,.,-858993460
6,11,.,-858993460
6,12,.,-858993460
6,13,.,-858993460
6,14,.,-858993460
6,15,.,-858993460
6,16,.,-858993460
6,17,.,-858993460
6,18,.,-858993460
6,19,.,-858993460
6,20,.,-858993460
6,21,.,-858993460
6,22,.,-858993460
6,23,.,-858993460
6,24,.,-858993460
6,25,.,-858993460
6,26,.,-858993460
6,27,.,-858993460
6,28,.,-858993460
6,29,.,-858993460
6,30,.,-858993460
6,31,.,-858993460
6,32,.,-858993460
6,33,.,-858993460
6,34,.,-858993460
6,35,.,-858993460
6,36,.,-858993460
6,37,.,-858993460
6,38,.,-858993460
6,39,.,-858993460
6,40,.,-858993460
6,41,.,-858993460
6,42,.,-858993460
6,43,.,-858993460
6,44,.,-858993460
6,45,.,-858993460
6,46,.,-858993460
6,47,.,-858993460
6,48,.,-858993460
6,49,.,-858993460
6,50,.,-858993460
6,51,.,-858993460
6,52,.,-858993460
6,53,.,-858993460
6,54,.,-858993460
6,55,.,-858993460
6,56,.,-858993460
6,57,.,-858993460
6,58,.,-858993460
6,59,.,-858993460
6,60,.,-858993460
6,61,.,-858993460
6,62,.,-858993460
6,63,.,-858993460
6,64,.,-858993460
6,65,.,-858993460
6,66,.,-858993460
6,67,.,-858993460
6,68,.,-858993460
6,69,.,-858993460
6,70,.,-858993460
6,71,.,-858993460
6,72,.,-858993460
6,73,.,-858993460
6,74,.,-858993460
7,0,.,-858993460
7,1,.,-858993460
7,2,.,-858993460
7,3,.,-858993460
7,4,.,-858993460
7,5,.,-858993460
7,6,.,-858993460
7,7,.,-858993460
7,8,.,-858993460
7,9,.,-858993460
7,10,.,-858993460
7,11,.,-858993460
7,12,.,-858993460
7,13,.,-858993460
7,14,.,-858993460
7,15,.,-858993460
7,16,.,-858993460
7,17,.,-858993460
7,18,.,-858993460
7,19,.,-858993460
7,20,.,-858993460
7,21,.,-858993460
7,22,.,-858993460
7,23,.,-858993460
7,24,.,-858993460
7,25,.,-858993460
7,26,.,-858993460
7,27,.,-858993460
7,28,.,-858993460
7,29,.,-858993460
7,30,.,-858993460
7,31,.,-858993460
7,32,.,-858993460
7,33,.,-858993460
7,34,.,-858993460
7,35,.,-858993460
7,36,.,-858993460
7,37,.,-858993460
7,38,.,-858993460
7,39,.,-858993460
7,40,.,-858993460
7,41,.,-858993460
7,42,.,-858993460
7,43,.,-858993460
7,44,.,-858993460
7,45,.,-858993460
7,46,.,-858993460
7,47,.,-858993460
7,48,.,-858993460
7,49,.,-858993460
7,50,.,-858993460
7,51,.,-858993460
7,52,.,-858993460
7,53,.,-858993460
7,54,.,-858993460
7,55,.,-858993460
7,56,.,-858993460
7,57,.,-858993460
7,58,.,-858993460
7,59,.,-858993460
7,60,.,-858993460
7,61,.,-858993460
7,62,.,-858993460
7,63,.,-858993460
7,64,.,-858993460
7,65,.,-858993460
7,66,.,-858993460
7,67,.,-858993460
7,68,.,-858993460
7,69,.,-858993460
7,70,.,-858993460
7,71,.,-858993460
7,72,.,-858993460
7,73,.,-858993460
7,74,.,-858993460
8,0,.,-858993460
8,1,.,-858993460
8,2,.,-858993460
8,3,.,-858993460
8,4,.,-858993460
8,5,.,-858993460
8,6,.,-858993460
8,7,.,-858993460
8,8,.,-858993460
8,9,.,-858993460
8,10,.,-858993460
8,11,.,-858993460
8,12,.,-858993460
8,13,.,-858993460
8,14,.,-858993460
8,15,.,-858993460
8,16,.,-858993460
8,17,.,-858993460
8,18,.,-858993460
8,19,.,-858993460
8,20,.,-858993460
8,21,.,-858993460
8,22,.,-858993460
8,23,.,-858993460
8,24,.,-858993460
8,25,.,-858993460
8,26,.,-858993460
8,27,.,-858993460
8,28,.,-858993460
8,29,.,-858993460
8,30,.,-858993460
8,31,.,-858993460
8,32,.,-858993460
8,33,.,-858993460
8,34,.,-858993460
8,35,.,-858993460
8,36,.,-858993460
8,37,.,-858993460
8,38,.,-858993460
8,39,.,-858993460
8,40,.,-858993460
8,41,.,-858993460
8,42,.,-858993460
8,43,.,-858993460
8,44,.,-858993460
8,45,.,-858993460
8,46,.,-858993460
8,47,.,-858993460
8,48,.,-858993460
8,49,.,-858993460
8,50,X,8
8,51,X,8
8,52,X,8
8,53,X,8
8,54,X,8
8,55,X,8
8,56,X,8
8,57,X,8
8,58,X,8
8,59,X,8
8,60,X,8
8,61,X,8
8,62,X,8
8,63,X,8
8,64,X,8
8,65,X,8
8,66,X,8
8,67,X,8
8,68,X,8
8,69,X,8
8,70,.,-858993460
8,71,.,-858993460
8,72,.,-858993460
8,73,.,-858993460
8,74,.,-858993460
9,0,.,-858993460
9,1,.,-858993460
9,2,.,-858993460
9,3,.,-858993460
9,4,.,-858993460
9,5,.,-858993460
9,6,.,-858993460
9,7,.,-858993460
9,8,.,-858993460
9,9,.,-858993460
9,10,.,-858993460
9,11,.,-858993460
9,12,.,-858993460
9,13,.,-858993460
9,14,.,-858993460
9,15,.,-858993460
9,16,.,-858993460
9,17,.,-858993460
9,18,.,-858993460
9,19,.,-858993460
9,20,.,-858993460
9,21,.,-858993460
9,22,.,-858993460
9,23,.,-858993460
9,24,.,-858993460
9,25,.,-858993460
9,26,.,-858993460
9,27,.,-858993460
9,28,.,-858993460
9,29,.,-858993460
9,30,.,-858993460
9,31,.,-858993460
9,32,.,-858993460
9,33,.,-858993460
9,34,.,-858993460
9,35,.,-858993460
9,36,.,-858993460
9,37,.,-858993460
9,38,.,-858993460
9,39,.,-858993460
9,40,.,-858993460
9,41,.,-858993460
9,42,.,-858993460
9,43,.,-858993460
9,44,.,-858993460
9,45,.,-858993460
9,46,.,-858993460
9,47,.,-858993460
9,48,.,-858993460
9,49,.,-858993460
9,50,X,8
9,51,.,-858993460
9,52,.,-858993460
9,53,.,-858993460
9,54,.,-858993460
9,55,.,-858993460
9,56,.,-858993460
9,57,.,-858993460
9,58,.,-858993460
9,59,.,-858993460
9,60,.,-858993460
9,61,.,-858993460
9,62,.,-858993460
9,63,.,-858993460
9,64,.,-858993460
9,65,.,-858993460
9,66,.,-858993460
9,67,.,-858993460
9,68,.,-858993460
9,69,X,8
9,70,.,-858993460
9,71,.,-858993460
9,72,.,-858993460
9,73,.,-858993460
9,74,.,-858993460
10,0,.,-858993460
10,1,.,-858993460
10,2,.,-858993460
10,3,.,-858993460
10,4,.,-858993460
10,5,.,-858993460
10,6,.,-858993460
10,7,.,-858993460
10,8,.,-858993460
10,9,.,-858993460
10,10,.,-858993460
10,11,.,-858993460
10,12,.,-858993460
10,13,.,-858993460
10,14,.,-858993460
10,15,.,-858993460
10,16,.,-858993460
10,17,.,-858993460
10,18,.,-858993460
10,19,.,-858993460
10,20,.,-858993460
10,21,.,-858993460
10,22,.,-858993460
10,23,.,-858993460
10,24,.,-858993460
10,25,.,-858993460
10,26,.,-858993460
10,27,.,-858993460
10,28,.,-858993460
10,29,.,-858993460
10,30,.,-858993460
10,31,.,-858993460
10,32,.,-858993460
10,33,.,-858993460
10,34,.,-858993460
10,35,.,-858993460
10,36,.,-858993460
10,37,.,-858993460
10,38,.,-858993460
10,39,.,-858993460
10,40,.,-858993460
10,41,.,-858993460
10,42,.,-858993460
10,43,.,-858993460
10,44,.,-858993460
10,45,.,-858993460
10,46,.,-858993460
10,47,.,-858993460
10,48,.,-858993460
10,49,.,-858993460
10,50,X,8
10,51,.,-858993460
10,52,.,-858993460
10,53,.,-858993460
10,54,.,-858993460
10,55,.,-858993460
10,56,.,-858993460
10,57,.,-858993460
10,58,.,-858993460
10,59,.,-858993460
10,60,.,-858993460
10,61,.,-858993460
10,62,.,-858993460
10,63,.,-858993460
10,64,.,-858993460
10,65,.,-858993460
10,66,.,-858993460
10,67,.,-858993460
10,68,.,-858993460
10,69,X,8
10,70,.,-858993460
10,71,.,-858993460
10,72,.,-858993460
10,73,.,-858993460
10,74,.,-858993460
11,0,.,-858993460
11,1,.,-858993460
11,2,.,-858993460
11,3,.,-858993460
11,4,.,-858993460
11,5,.,-858993460
11,6,.,-858993460
11,7,.,-858993460
11,8,.,-858993460
11,9,.,-858993460
11,10,.,-858993460
11,11,.,-858993460
11,12,.,-858993460
11,13,.,-858993460
11,14,.,-858993460
11,15,.,-858993460
11,16,.,-858993460
11,17,.,-858993460
11,18,.,-858993460
11,19,.,-858993460
11,20,.,-858993460
11,21,.,-858993460
11,22,.,-858993460
11,23,.,-858993460
11,24,.,-858993460
11,25,.,-858993460
11,26,.,-858993460
11,27,.,-858993460
11,28,.,-858993460
11,29,.,-858993460
11,30,.,-858993460
11,31,.,-858993460
11,32,.,-858993460
11,33,.,-858993460
11,34,.,-858993460
11,35,.,-858993460
11,36,.,-858993460
11,37,.,-858993460
11,38,.,-858993460
11,39,.,-858993460
11,40,.,-858993460
11,41,.,-858993460
11,42,.,-858993460
11,43,.,-858993460
11,44,.,-858993460
11,45,.,-858993460
11,46,.,-858993460
11,47,.,-858993460
11,48,.,-858993460
11,49,.,-858993460
11,50,X,8
11,51,.,-858993460
11,52,.,-858993460
11,53,.,-858993460
11,54,.,-858993460
11,55,.,-858993460
11,56,.,-858993460
11,57,.,-858993460
11,58,.,-858993460
11,59,.,-858993460
11,60,.,-858993460
11,61,.,-858993460
11,62,.,-858993460
11,63,.,-858993460
11,64,.,-858993460
11,65,.,-858993460
11,66,.,-858993460
11,67,.,-858993460
11,68,.,-858993460
11,69,X,8
11,70,.,-858993460
11,71,.,-858993460
11,72,.,-858993460
11,73,.,-858993460
11,74,.,-858993460
12,0,.,-858993460
12,1,.,-858993460
12,2,.,-858993460
12,3,.,-858993460
12,4,.,-858993460
12,5,.,-858993460
12,6,.,-858993460
12,7,.,-858993460
12,8,.,-858993460
12,9,.,-858993460
12,10,.,-858993460
12,11,.,-858993460
12,12,.,-858993460
12,13,.,-858993460
12,14,.,-858993460
12,15,.,-858993460
12,16,.,-858993460
12,17,.,-858993460
12,18,.,-858993460
12,19,.,-858993460
12,20,.,-858993460
12,21,.,-858993460
12,22,.,-858993460
12,23,.,-858993460
12,24,.,-858993460
12,25,.,-858993460
12,26,.,-858993460
12,27,.,-858993460
12,28,.,-858993460
12,29,.,-858993460
12,30,.,-858993460
12,31,.,-858993460
12,32,.,-858993460
12,33,.,-858993460
12,34,.,-858993460
12,35,.,-858993460
12,36,.,-858993460
12,37,.,-858993460
12,38,.,-858993460
12,39,.,-858993460
12,40,.,-858993460
12,41,.,-858993460
12,42,.,-858993460
12,43,.,-858993460
12,44,.,-858993460
12,45,.,-858993460
12,46,.,-858993460
12,47,.,-858993460
12,48,.,-858993460
12,49,.,-858993460
12,50,X,8
12,51,.,-858993460
12,52,.,-858993460
12,53,.,-858993460
12,54,.,-858993460
12,55,.,-858993460
12,56,.,-858993460
12,57,.,-858993460
12,58,.,-858993460
12,59,.,-858993460
12,60,.,-858993460
12,61,.,-858993460
12,62,.,-858993460
12,63,.,-858993460
12,64,.,-858993460
12,65,.,-858993460
12,66,.,-858993460
12,67,.,-858993460
12,68,.,-858993460
12,69,X,8
12,70,.,-858993460
12,71,.,-858993460
12,72,.,-858993460
12,73,.,-858993460
12,74,.,-858993460
13,0,.,-858993460
13,1,.,-858993460
13,2,.,-858993460
13,3,.,-858993460
13,4,.,-858993460
13,5,.,-858993460
13,6,X,1
13,7,X,1
13,8,X,1
13,9,X,1
13,10,X,1
13,11,X,1
13,12,X,1
13,13,X,1
13,14,X,1
13,15,X,1
13,16,.,-858993460
13,17,.,-858993460
13,18,.,-858993460
13,19,.,-858993460
13,20,.,-858993460
13,21,.,-858993460
13,22,.,-858993460
13,23,.,-858993460
13,24,.,-858993460
13,25,.,-858993460
13,26,.,-858993460
13,27,.,-858993460
13,28,.,-858993460
13,29,.,-858993460
13,30,.,-858993460
13,31,.,-858993460
13,32,.,-858993460
13,33,.,-858993460
13,34,.,-858993460
13,35,.,-858993460
13,36,.,-858993460
13,37,.,-858993460
13,38,.,-858993460
13,39,.,-858993460
13,40,.,-858993460
13,41,.,-858993460
13,42,.,-858993460
13,43,.,-858993460
13,44,.,-858993460
13,45,.,-858993460
13,46,.,-858993460
13,47,.,-858993460
13,48,.,-858993460
13,49,.,-858993460
13,50,X,8
13,51,.,-858993460
13,52,.,-858993460
13,53,.,-858993460
13,54,.,-858993460
13,55,.,-858993460
13,56,.,-858993460
13,57,.,-858993460
13,58,.,-858993460
13,59,.,-858993460
13,60,.,-858993460
13,61,.,-858993460
13,62,.,-858993460
13,63,.,-858993460
13,64,.,-858993460
13,65,.,-858993460
13,66,.,-858993460
13,67,.,-858993460
13,68,.,-858993460
13,69,X,8
13,70,.,-858993460
13,71,.,-858993460
13,72,.,-858993460
13,73,.,-858993460
13,74,.,-858993460
14,0,.,-858993460
14,1,.,-858993460
14,2,.,-858993460
14,3,.,-858993460
14,4,.,-858993460
14,5,.,-858993460
14,6,X,1
14,7,.,-858993460
14,8,.,-858993460
14,9,.,-858993460
14,10,.,-858993460
14,11,.,-858993460
14,12,.,-858993460
14,13,.,-858993460
14,14,.,-858993460
14,15,X,1
14,16,.,-858993460
14,17,.,-858993460
14,18,.,-858993460
14,19,.,-858993460
14,20,.,-858993460
14,21,.,-858993460
14,22,.,-858993460
14,23,.,-858993460
14,24,.,-858993460
14,25,.,-858993460
14,26,.,-858993460
14,27,.,-858993460
14,28,.,-858993460
14,29,.,-858993460
14,30,X,2
14,31,X,2
14,32,X,2
14,33,X,2
14,34,X,2
14,35,.,-858993460
14,36,.,-858993460
14,37,.,-858993460
14,38,.,-858993460
14,39,.,-858993460
14,40,.,-858993460
14,41,.,-858993460
14,42,.,-858993460
14,43,.,-858993460
14,44,.,-858993460
14,45,.,-858993460
14,46,.,-858993460
14,47,.,-858993460
14,48,.,-858993460
14,49,.,-858993460
14,50,X,8
14,51,.,-858993460
14,52,.,-858993460
14,53,.,-858993460
14,54,.,-858993460
14,55,.,-858993460
14,56,.,-858993460
14,57,.,-858993460
14,58,.,-858993460
14,59,.,-858993460
14,60,.,-858993460
14,61,.,-858993460
14,62,.,-858993460
14,63,.,-858993460
14,64,.,-858993460
14,65,.,-858993460
14,66,.,-858993460
14,67,.,-858993460
14,68,.,-858993460
14,69,X,8
14,70,.,-858993460
14,71,.,-858993460
14,72,.,-858993460
14,73,.,-858993460
14,74,.,-858993460
15,0,.,-858993460
15,1,.,-858993460
15,2,.,-858993460
15,3,.,-858993460
15,4,.,-858993460
15,5,.,-858993460
15,6,X,1
15,7,.,-858993460
15,8,.,-858993460
15,9,.,-858993460
15,10,.,-858993460
15,11,.,-858993460
15,12,.,-858993460
15,13,.,-858993460
15,14,.,-858993460
15,15,X,1
15,16,.,-858993460
15,17,.,-858993460
15,18,.,-858993460
15,19,.,-858993460
15,20,.,-858993460
15,21,.,-858993460
15,22,.,-858993460
15,23,.,-858993460
15,24,.,-858993460
15,25,.,-858993460
15,26,.,-858993460
15,27,.,-858993460
15,28,X,2
15,29,X,2
15,30,X,2
15,31,X,2
15,32,X,2
15,33,X,2
15,34,X,2
15,35,X,2
15,36,X,2
15,37,.,-858993460
15,38,.,-858993460
15,39,.,-858993460
15,40,.,-858993460
15,41,.,-858993460
15,42,.,-858993460
15,43,.,-858993460
15,44,.,-858993460
15,45,.,-858993460
15,46,.,-858993460
15,47,.,-858993460
15,48,.,-858993460
15,49,.,-858993460
15,50,X,8
15,51,.,-858993460
15,52,.,-858993460
15,53,.,-858993460
15,54,.,-858993460
15,55,.,-858993460
15,56,.,-858993460
15,57,.,-858993460
15,58,.,-858993460
15,59,.,-858993460
15,60,.,-858993460
15,61,.,-858993460
15,62,.,-858993460
15,63,.,-858993460
15,64,.,-858993460
15,65,.,-858993460
15,66,.,-858993460
15,67,.,-858993460
15,68,.,-858993460
15,69,X,8
15,70,.,-858993460
15,71,.,-858993460
15,72,.,-858993460
15,73,.,-858993460
15,74,.,-858993460
16,0,.,-858993460
16,1,.,-858993460
16,2,.,-858993460
16,3,.,-858993460
16,4,.,-858993460
16,5,.,-858993460
16,6,X,1
16,7,.,-858993460
16,8,.,-858993460
16,9,.,-858993460
16,10,.,-858993460
16,11,.,-858993460
16,12,.,-858993460
16,13,.,-858993460
16,14,.,-858993460
16,15,X,1
16,16,.,-858993460
16,17,.,-858993460
16,18,.,-858993460
16,19,.,-858993460
16,20,.,-858993460
16,21,.,-858993460
16,22,.,-858993460
16,23,.,-858993460
16,24,.,-858993460
16,25,.,-858993460
16,26,.,-858993460
16,27,X,2
16,28,X,2
16,29,X,2
16,30,X,2
16,31,X,2
16,32,X,2
16,33,X,2
16,34,X,2
16,35,X,2
16,36,X,2
16,37,X,2
16,38,.,-858993460
16,39,.,-858993460
16,40,.,-858993460
16,41,.,-858993460
16,42,.,-858993460
16,43,.,-858993460
16,44,.,-858993460
16,45,.,-858993460
16,46,.,-858993460
16,47,.,-858993460
16,48,.,-858993460
16,49,.,-858993460
16,50,X,8
16,51,.,-858993460
16,52,.,-858993460
16,53,.,-858993460
16,54,.,-858993460
16,55,.,-858993460
16,56,.,-858993460
16,57,.,-858993460
16,58,.,-858993460
16,59,.,-858993460
16,60,.,-858993460
16,61,.,-858993460
16,62,.,-858993460
16,63,.,-858993460
16,64,.,-858993460
16,65,.,-858993460
16,66,.,-858993460
16,67,.,-858993460
16,68,.,-858993460
16,69,X,8
16,70,.,-858993460
16,71,.,-858993460
16,72,.,-858993460
16,73,.,-858993460
16,74,.,-858993460
17,0,.,-858993460
17,1,.,-858993460
17,2,.,-858993460
17,3,.,-858993460
17,4,.,-858993460
17,5,.,-858993460
17,6,X,1
17,7,.,-858993460
17,8,.,-858993460
17,9,.,-858993460
17,10,.,-858993460
17,11,.,-858993460
17,12,.,-858993460
17,13,.,-858993460
17,14,.,-858993460
17,15,X,1
17,16,.,-858993460
17,17,.,-858993460
17,18,.,-858993460
17,19,.,-858993460
17,20,.,-858993460
17,21,.,-858993460
17,22,.,-858993460
17,23,.,-858993460
17,24,.,-858993460
17,25,.,-858993460
17,26,X,2
17,27,X,2
17,28,X,2
17,29,X,2
17,30,X,2
17,31,X,2
17,32,X,2
17,33,X,2
17,34,X,2
17,35,X,2
17,36,X,2
17,37,X,2
17,38,X,2
17,39,.,-858993460
17,40,.,-858993460
17,41,.,-858993460
17,42,.,-858993460
17,43,.,-858993460
17,44,.,-858993460
17,45,.,-858993460
17,46,.,-858993460
17,47,.,-858993460
17,48,.,-858993460
17,49,.,-858993460
17,50,X,8
17,51,X,8
17,52,X,8
17,53,X,8
17,54,X,8
17,55,X,8
17,56,X,8
17,57,X,8
17,58,X,8
17,59,X,8
17,60,X,8
17,61,X,8
17,62,X,8
17,63,X,8
17,64,X,8
17,65,X,8
17,66,X,8
17,67,X,8
17,68,X,8
17,69,X,8
17,70,.,-858993460
17,71,.,-858993460
17,72,.,-858993460
17,73,.,-858993460
17,74,.,-858993460
18,0,.,-858993460
18,1,.,-858993460
18,2,.,-858993460
18,3,.,-858993460
18,4,.,-858993460
18,5,.,-858993460
18,6,X,1
18,7,.,-858993460
18,8,.,-858993460
18,9,.,-858993460
18,10,.,-858993460
18,11,.,-858993460
18,12,.,-858993460
18,13,.,-858993460
18,14,.,-858993460
18,15,X,1
18,16,.,-858993460
18,17,.,-858993460
18,18,.,-858993460
18,19,.,-858993460
18,20,.,-858993460
18,21,.,-858993460
18,22,.,-858993460
18,23,.,-858993460
18,24,.,-858993460
18,25,X,2
18,26,X,2
18,27,X,2
18,28,X,2
18,29,X,2
18,30,X,2
18,31,X,2
18,32,X,2
18,33,X,2
18,34,X,2
18,35,X,2
18,36,X,2
18,37,X,2
18,38,X,2
18,39,X,2
18,40,.,-858993460
18,41,.,-858993460
18,42,.,-858993460
18,43,.,-858993460
18,44,.,-858993460
18,45,.,-858993460
18,46,.,-858993460
18,47,.,-858993460
18,48,.,-858993460
18,49,.,-858993460
18,50,.,-858993460
18,51,.,-858993460
18,52,.,-858993460
18,53,.,-858993460
18,54,.,-858993460
18,55,.,-858993460
18,56,.,-858993460
18,57,.,-858993460
18,58,.,-858993460
18,59,.,-858993460
18,60,.,-858993460
18,61,.,-858993460
18,62,.,-858993460
18,63,.,-858993460
18,64,.,-858993460
18,65,.,-858993460
18,66,.,-858993460
18,67,.,-858993460
18,68,.,-858993460
18,69,.,-858993460
18,70,.,-858993460
18,71,.,-858993460
18,72,.,-858993460
18,73,.,-858993460
18,74,.,-858993460
19,0,.,-858993460
19,1,.,-858993460
19,2,.,-858993460
19,3,.,-858993460
19,4,.,-858993460
19,5,.,-858993460
19,6,X,1
19,7,.,-858993460
19,8,.,-858993460
19,9,.,-858993460
19,10,.,-858993460
19,11,.,-858993460
19,12,.,-858993460
19,13,.,-858993460
19,14,.,-858993460
19,15,X,1
19,16,.,-858993460
19,17,.,-858993460
19,18,.,-858993460
19,19,.,-858993460
19,20,.,-858993460
19,21,.,-858993460
19,22,.,-858993460
19,23,.,-858993460
19,24,.,-858993460
19,25,X,2
19,26,X,2
19,27,X,2
19,28,X,2
19,29,X,2
19,30,X,2
19,31,X,2
19,32,X,2
19,33,X,2
19,34,X,2
19,35,X,2
19,36,X,2
19,37,X,2
19,38,X,2
19,39,X,2
19,40,.,-858993460
19,41,.,-858993460
19,42,.,-858993460
19,43,.,-858993460
19,44,.,-858993460
19,45,.,-858993460
19,46,.,-858993460
19,47,.,-858993460
19,48,.,-858993460
19,49,.,-858993460
19,50,.,-858993460
19,51,.,-858993460
19,52,.,-858993460
19,53,.,-858993460
19,54,.,-858993460
19,55,.,-858993460
19,56,.,-858993460
19,57,.,-858993460
19,58,.,-858993460
19,59,.,-858993460
19,60,.,-858993460
19,61,.,-858993460
19,62,.,-858993460
19,63,.,-858993460
19,64,.,-858993460
19,65,.,-858993460
19,66,.,-858993460
19,67,.,-858993460
19,68,.,-858993460
19,69,.,-858993460
19,70,.,-858993460
19,71,.,-858993460
19,72,.,-858993460
19,73,.,-858993460
19,74,.,-858993460
20,0,.,-858993460
20,1,.,-858993460
20,2,.,-858993460
20,3,.,-858993460
20,4,.,-858993460
20,5,.,-858993460
20,6,X,1
20,7,.,-858993460
20,8,.,-858993460
20,9,.,-858993460
20,10,.,-858993460
20,11,.,-858993460
20,12,.,-858993460
20,13,.,-858993460
20,14,.,-858993460
20,15,X,1
20,16,.,-858993460
20,17,.,-858993460
20,18,.,-858993460
20,19,.,-858993460
20,20,.,-858993460
20,21,.,-858993460
20,22,.,-858993460
20,23,.,-858993460
20,24,X,2
20,25,X,2
20,26,X,2
20,27,X,2
20,28,X,2
20,29,X,2
20,30,X,2
20,31,X,2
20,32,X,2
20,33,X,2
20,34,X,2
20,35,X,2
20,36,X,2
20,37,X,2
20,38,X,2
20,39,X,2
20,40,X,2
20,41,.,-858993460
20,42,.,-858993460
20,43,.,-858993460
20,44,.,-858993460
20,45,.,-858993460
20,46,.,-858993460
20,47,.,-858993460
20,48,.,-858993460
20,49,.,-858993460
20,50,.,-858993460
20,51,.,-858993460
20,52,.,-858993460
20,53,.,-858993460
20,54,.,-858993460
20,55,.,-858993460
20,56,.,-858993460
20,57,.,-858993460
20,58,.,-858993460
20,59,.,-858993460
20,60,.,-858993460
20,61,.,-858993460
20,62,.,-858993460
20,63,.,-858993460
20,64,.,-858993460
20,65,.,-858993460
20,66,.,-858993460
20,67,.,-858993460
20,68,.,-858993460
20,69,.,-858993460
20,70,.,-858993460
20,71,.,-858993460
20,72,.,-858993460
20,73,.,-858993460
20,74,.,-858993460
21,0,.,-858993460
21,1,.,-858993460
21,2,.,-858993460
21,3,.,-858993460
21,4,.,-858993460
21,5,.,-858993460
21,6,X,1
21,7,.,-858993460
21,8,.,-858993460
21,9,.,-858993460
21,10,.,-858993460
21,11,.,-858993460
21,12,.,-858993460
21,13,.,-858993460
21,14,.,-858993460
21,15,X,1
21,16,.,-858993460
21,17,.,-858993460
21,18,.,-858993460
21,19,.,-858993460
21,20,.,-858993460
21,21,.,-858993460
21,22,.,-858993460
21,23,.,-858993460
21,24,X,2
21,25,X,2
21,26,X,2
21,27,X,2
21,28,X,2
21,29,X,2
21,30,X,2
21,31,X,2
21,32,X,2
21,33,X,2
21,34,X,2
21,35,X,2
21,36,X,2
21,37,X,2
21,38,X,2
21,39,X,2
21,40,X,2
21,41,.,-858993460
21,42,.,-858993460
21,43,.,-858993460
21,44,.,-858993460
21,45,.,-858993460
21,46,.,-858993460
21,47,.,-858993460
21,48,.,-858993460
21,49,.,-858993460
21,50,.,-858993460
21,51,.,-858993460
21,52,.,-858993460
21,53,.,-858993460
21,54,.,-858993460
21,55,.,-858993460
21,56,.,-858993460
21,57,.,-858993460
21,58,.,-858993460
21,59,.,-858993460
21,60,.,-858993460
21,61,.,-858993460
21,62,.,-858993460
21,63,.,-858993460
21,64,.,-858993460
21,65,.,-858993460
21,66,.,-858993460
21,67,.,-858993460
21,68,.,-858993460
21,69,.,-858993460
21,70,.,-858993460
21,71,.,-858993460
21,72,.,-858993460
21,73,.,-858993460
21,74,.,-858993460
22,0,.,-858993460
22,1,.,-858993460
22,2,.,-858993460
22,3,.,-858993460
22,4,.,-858993460
22,5,.,-858993460
22,6,X,1
22,7,.,-858993460
22,8,.,-858993460
22,9,.,-858993460
22,10,.,-858993460
22,11,.,-858993460
22,12,.,-858993460
22,13,.,-858993460
22,14,.,-858993460
22,15,X,1
22,16,.,-858993460
22,17,.,-858993460
22,18,.,-858993460
22,19,.,-858993460
22,20,.,-858993460
22,21,.,-858993460
22,22,.,-858993460
22,23,.,-858993460
22,24,X,2
22,25,X,2
22,26,X,2
22,27,X,2
22,28,X,2
22,29,X,2
22,30,X,2
22,31,X,2
22,32,X,2
22,33,X,2
22,34,X,2
22,35,X,2
22,36,X,2
22,37,X,2
22,38,X,2
22,39,X,2
22,40,X,2
22,41,.,-858993460
22,42,.,-858993460
22,43,.,-858993460
22,44,.,-858993460
22,45,.,-858993460
22,46,.,-858993460
22,47,.,-858993460
22,48,.,-858993460
22,49,.,-858993460
22,50,.,-858993460
22,51,.,-858993460
22,52,.,-858993460
22,53,.,-858993460
22,54,.,-858993460
22,55,.,-858993460
22,56,.,-858993460
22,57,.,-858993460
22,58,.,-858993460
22,59,.,-858993460
22,60,.,-858993460
22,61,.,-858993460
22,62,.,-858993460
22,63,.,-858993460
22,64,.,-858993460
22,65,.,-858993460
22,66,.,-858993460
22,67,.,-858993460
22,68,.,-858993460
22,69,.,-858993460
22,70,.,-858993460
22,71,.,-858993460
22,72,.,-858993460
22,73,.,-858993460
22,74,.,-858993460
23,0,.,-858993460
23,1,.,-858993460
23,2,.,-858993460
23,3,.,-858993460
23,4,.,-858993460
23,5,.,-858993460
23,6,X,1
23,7,.,-858993460
23,8,.,-858993460
23,9,.,-858993460
23,10,.,-858993460
23,11,.,-858993460
23,12,.,-858993460
23,13,.,-858993460
23,14,.,-858993460
23,15,X,1
23,16,.,-858993460
23,17,.,-858993460
23,18,.,-858993460
23,19,.,-858993460
23,20,.,-858993460
23,21,.,-858993460
23,22,.,-858993460
23,23,.,-858993460
23,24,X,2
23,25,X,2
23,26,X,2
23,27,X,2
23,28,X,2
23,29,X,2
23,30,X,2
23,31,X,2
23,32,X,2
23,33,X,2
23,34,X,2
23,35,X,2
23,36,X,2
23,37,X,2
23,38,X,2
23,39,X,2
23,40,X,2
23,41,.,-858993460
23,42,.,-858993460
23,43,.,-858993460
23,44,.,-858993460
23,45,.,-858993460
23,46,.,-858993460
23,47,.,-858993460
23,48,.,-858993460
23,49,.,-858993460
23,50,.,-858993460
23,51,.,-858993460
23,52,.,-858993460
23,53,.,-858993460
23,54,.,-858993460
23,55,.,-858993460
23,56,.,-858993460
23,57,.,-858993460
23,58,.,-858993460
23,59,.,-858993460
23,60,.,-858993460
23,61,.,-858993460
23,62,.,-858993460
23,63,.,-858993460
23,64,.,-858993460
23,65,.,-858993460
23,66,.,-858993460
23,67,.,-858993460
23,68,.,-858993460
23,69,.,-858993460
23,70,.,-858993460
23,71,.,-858993460
23,72,.,-858993460
23,73,.,-858993460
23,74,.,-858993460
24,0,.,-858993460
24,1,.,-858993460
24,2,.,-858993460
24,3,.,-858993460
24,4,.,-858993460
24,5,.,-858993460
24,6,X,1
24,7,.,-858993460
24,8,.,-858993460
24,9,.,-858993460
24,10,.,-858993460
24,11,.,-858993460
24,12,.,-858993460
24,13,.,-858993460
24,14,.,-858993460
24,15,X,1
24,16,.,-858993460
24,17,.,-858993460
24,18,.,-858993460
24,19,.,-858993460
24,20,.,-858993460
24,21,.,-858993460
24,22,.,-858993460
24,23,.,-858993460
24,24,X,2
24,25,X,2
24,26,X,2
24,27,X,2
24,28,X,2
24,29,X,2
24,30,X,2
24,31,X,2
24,32,X,2
24,33,X,2
24,34,X,2
24,35,X,2
24,36,X,2
24,37,X,2
24,38,X,2
24,39,X,2
24,40,X,2
24,41,.,-858993460
24,42,.,-858993460
24,43,.,-858993460
24,44,.,-858993460
24,45,.,-858993460
24,46,.,-858993460
24,47,.,-858993460
24,48,.,-858993460
24,49,.,-858993460
24,50,.,-858993460
24,51,.,-858993460
24,52,.,-858993460
24,53,.,-858993460
24,54,.,-858993460
24,55,.,-858993460
24,56,.,-858993460
24,57,.,-858993460
24,58,.,-858993460
24,59,.,-858993460
24,60,.,-858993460
24,61,.,-858993460
24,62,.,-858993460
24,63,.,-858993460
24,64,.,-858993460
24,65,.,-858993460
24,66,.,-858993460
24,67,.,-858993460
24,68,.,-858993460
24,69,.,-858993460
24,70,.,-858993460
24,71,.,-858993460
24,72,.,-858993460
24,73,.,-858993460
24,74,.,-858993460
25,0,.,-858993460
25,1,.,-858993460
25,2,.,-858993460
25,3,.,-858993460
25,4,.,-858993460
25,5,.,-858993460
25,6,X,1
25,7,.,-858993460
25,8,.,-858993460
25,9,.,-858993460
25,10,.,-858993460
25,11,.,-858993460
25,12,.,-858993460
25,13,.,-858993460
25,14,.,-858993460
25,15,X,1
25,16,.,-858993460
25,17,.,-858993460
25,18,.,-858993460
25,19,.,-858993460
25,20,.,-858993460
25,21,.,-858993460
25,22,.,-858993460
25,23,.,-858993460
25,24,.,-858993460
25,25,X,2
25,26,X,2
25,27,X,2
25,28,X,2
25,29,X,2
25,30,X,2
25,31,X,2
25,32,X,2
25,33,X,2
25,34,X,2
25,35,X,2
25,36,X,2
25,37,X,2
25,38,X,2
25,39,X,2
25,40,.,-858993460
25,41,.,-858993460
25,42,.,-858993460
25,43,.,-858993460
25,44,.,-858993460
25,45,.,-858993460
25,46,.,-858993460
25,47,.,-858993460
25,48,.,-858993460
25,49,.,-858993460
25,50,.,-858993460
25,51,.,-858993460
25,52,.,-858993460
25,53,.,-858993460
25,54,.,-858993460
25,55,.,-858993460
25,56,.,-858993460
25,57,.,-858993460
25,58,.,-858993460
25,59,.,-858993460
25,60,.,-858993460
25,61,.,-858993460
25,62,.,-858993460
25,63,.,-858993460
25,64,.,-858993460
25,65,.,-858993460
25,66,.,-858993460
25,67,.,-858993460
25,68,.,-858993460
25,69,.,-858993460
25,70,.,-858993460
25,71,.,-858993460
25,72,.,-858993460
25,73,.,-858993460
25,74,.,-858993460
26,0,.,-858993460
26,1,.,-858993460
26,2,.,-858993460
26,3,.,-858993460
26,4,.,-858993460
26,5,.,-858993460
26,6,X,1
26,7,.,-858993460
26,8,.,-858993460
26,9,.,-858993460
26,10,.,-858993460
26,11,.,-858993460
26,12,.,-858993460
26,13,.,-858993460
26,14,.,-858993460
26,15,X,1
26,16,.,-858993460
26,17,.,-858993460
26,18,.,-858993460
26,19,.,-858993460
26,20,.,-858993460
26,21,.,-858993460
26,22,.,-858993460
26,23,.,-858993460
26,24,.,-858993460
26,25,X,2
26,26,X,2
26,27,X,2
26,28,X,2
26,29,X,2
26,30,X,2
26,31,X,2
26,32,X,2
26,33,X,2
26,34,X,2
26,35,X,2
26,36,X,2
26,37,X,2
26,38,X,2
26,39,X,2
26,40,.,-858993460
26,41,.,-858993460
26,42,.,-858993460
26,43,.,-858993460
26,44,.,-858993460
26,45,.,-858993460
26,46,.,-858993460
26,47,.,-858993460
26,48,.,-858993460
26,49,.,-858993460
26,50,.,-858993460
26,51,.,-858993460
26,52,.,-858993460
26,53,.,-858993460
26,54,.,-858993460
26,55,.,-858993460
26,56,.,-858993460
26,57,.,-858993460
26,58,.,-858993460
26,59,.,-858993460
26,60,.,-858993460
26,61,.,-858993460
26,62,.,-858993460
26,63,.,-858993460
26,64,.,-858993460
26,65,.,-858993460
26,66,.,-858993460
26,67,.,-858993460
26,68,.,-858993460
26,69,.,-858993460
26,70,.,-858993460
26,71,.,-858993460
26,72,.,-858993460
26,73,.,-858993460
26,74,.,-858993460
27,0,.,-858993460
27,1,.,-858993460
27,2,.,-858993460
27,3,.,-858993460
27,4,.,-858993460
27,5,.,-858993460
27,6,X,1
27,7,.,-858993460
27,8,.,-858993460
27,9,.,-858993460
27,10,.,-858993460
27,11,.,-858993460
27,12,.,-858993460
27,13,.,-858993460
27,14,.,-858993460
27,15,X,1
27,16,.,-858993460
27,17,.,-858993460
27,18,.,-858993460
27,19,.,-858993460
27,20,.,-858993460
27,21,.,-858993460
27,22,.,-858993460
27,23,.,-858993460
27,24,.,-858993460
27,25,.,-858993460
27,26,X,2
27,27,X,2
27,28,X,2
27,29,X,2
27,30,X,2
27,31,X,2
27,32,X,2
27,33,X,2
27,34,X,2
27,35,X,2
27,36,X,2
27,37,X,2
27,38,X,2
27,39,.,-858993460
27,40,.,-858993460
27,41,.,-858993460
27,42,.,-858993460
27,43,.,-858993460
27,44,.,-858993460
27,45,.,-858993460
27,46,.,-858993460
27,47,.,-858993460
27,48,.,-858993460
27,49,.,-858993460
27,50,.,-858993460
27,51,.,-858993460
27,52,.,-858993460
27,53,.,-858993460
27,54,.,-858993460
27,55,.,-858993460
27,56,.,-858993460
27,57,.,-858993460
27,58,.,-858993460
27,59,.,-858993460
27,60,.,-858993460
27,61,.,-858993460
27,62,.,-858993460
27,63,.,-858993460
27,64,.,-858993460
27,65,.,-858993460
27,66,.,-858993460
27,67,.,-858993460
27,68,.,-858993460
27,69,.,-858993460
27,70,.,-858993460
27,71,.,-858993460
27,72,.,-858993460
27,73,.,-858993460
27,74,.,-858993460
28,0,.,-858993460
28,1,.,-858993460
28,2,.,-858993460
28,3,.,-858993460
28,4,.,-858993460
28,5,.,-858993460
28,6,X,1
28,7,.,-858993460
28,8,.,-858993460
28,9,.,-858993460
28,10,.,-858993460
28,11,.,-858993460
28,12,.,-858993460
28,13,.,-858993460
28,14,.,-858993460
28,15,X,1
28,16,.,-858993460
28,17,.,-858993460
28,18,.,-858993460
28,19,.,-858993460
28,20,.,-858993460
28,21,.,-858993460
28,22,.,-858993460
28,23,.,-858993460
28,24,.,-858993460
28,25,.,-858993460
28,26,.,-858993460
28,27,X,2
28,28,X,2
28,29,X,2
28,30,X,2
28,31,X,2
28,32,X,2
28,33,X,2
28,34,X,2
28,35,X,2
28,36,X,2
28,37,X,2
28,38,.,-858993460
28,39,.,-858993460
28,40,.,-858993460
28,41,.,-858993460
28,42,.,-858993460
28,43,.,-858993460
28,44,.,-858993460
28,45,.,-858993460
28,46,.,-858993460
28,47,.,-858993460
28,48,.,-858993460
28,49,.,-858993460
28,50,.,-858993460
28,51,.,-858993460
28,52,.,-858993460
28,53,.,-858993460
28,54,.,-858993460
28,55,.,-858993460
28,56,.,-858993460
28,57,.,-858993460
28,58,.,-858993460
28,59,.,-858993460
28,60,.,-858993460
28,61,.,-858993460
28,62,.,-858993460
28,63,.,-858993460
28,64,.,-858993460
28,65,.,-858993460
28,66,.,-858993460
28,67,.,-858993460
28,68,.,-858993460
28,69,.,-858993460
28,70,.,-858993460
28,71,.,-858993460
28,72,.,-858993460
28,73,.,-858993460
28,74,.,-858993460
29,0,.,-858993460
29,1,.,-858993460
29,2,.,-858993460
29,3,.,-858993460
29,4,.,-858993460
29,5,.,-858993460
29,6,X,1
29,7,.,-858993460
29,8,.,-858993460
29,9,.,-858993460
29,10,.,-858993460
29,11,.,-858993460
29,12,.,-858993460
29,13,.,-858993460
29,14,.,-858993460
29,15,X,1
29,16,.,-858993460
29,17,.,-858993460
29,18,.,-858993460
29,19,.,-858993460
29,20,.,-858993460
29,21,.,-858993460
29,22,.,-858993460
29,23,.,-858993460
29,24,.,-858993460
29,25,.,-858993460
29,26,.,-858993460
29,27,.,-858993460
29,28,X,2
29,29,X,2
29,30,X,2
29,31,X,2
29,32,X,2
29,33,X,2
29,34,X,2
29,35,X,2
29,36,X,2
29,37,.,-858993460
29,38,.,-858993460
29,39,.,-858993460
29,40,.,-858993460
29,41,.,-858993460
29,42,.,-858993460
29,43,.,-858993460
29,44,.,-858993460
29,45,.,-858993460
29,46,.,-858993460
29,47,.,-858993460
29,48,.,-858993460
29,49,.,-858993460
29,50,.,-858993460
29,51,.,-858993460
29,52,.,-858993460
29,53,.,-858993460
29,54,.,-858993460
29,55,.,-858993460
29,56,.,-858993460
29,57,.,-858993460
29,58,.,-858993460
29,59,.,-858993460
29,60,.,-858993460
29,61,.,-858993460
29,62,.,-858993460
29,63,.,-858993460
29,64,.,-858993460
29,65,.,-858993460
29,66,.,-858993460
29,67,.,-858993460
29,68,.,-858993460
29,69,.,-858993460
29,70,.,-858993460
29,71,.,-858993460
29,72,.,-858993460
29,73,.,-858993460
29,74,.,-858993460
30,0,.,-858993460
30,1,.,-858993460
30,2,.,-858993460
30,3,.,-858993460
30,4,.,-858993460
30,5,.,-858993460
30,6,X,1
30,7,.,-858993460
30,8,.,-858993460
30,9,.,-858993460
30,10,.,-858993460
30,11,.,-858993460
30,12,.,-858993460
30,13,.,-858993460
30,14,.,-858993460
30,15,X,1
30,16,.,-858993460
30,17,.,-858993460
30,18,.,-858993460
30,19,.,-858993460
30,20,.,-858993460
30,21,.,-858993460
30,22,.,-858993460
30,23,.,-858993460
30,24,.,-858993460
30,25,.,-858993460
30,26,.,-858993460
30,27,.,-858993460
30,28,.,-858993460
30,29,.,-858993460
30,30,X,2
30,31,X,2
30,32,X,2
30,33,X,2
30,34,X,2
30,35,.,-858993460
30,36,.,-858993460
30,37,.,-858993460
30,38,.,-858993460
30,39,.,-858993460
30,40,.,-858993460
30,41,.,-858993460
30,42,.,-858993460
30,43,.,-858993460
30,44,.,-858993460
30,45,.,-858993460
30,46,.,-858993460
30,47,.,-858993460
30,48,.,-858993460
30,49,.,-858993460
30,50,.,-858993460
30,51,.,-858993460
30,52,.,-858993460
30,53,.,-858993460
30,54,.,-858993460
30,55,.,-858993460
30,56,.,-858993460
30,57,.,-858993460
30,58,.,-858993460
30,59,.,-858993460
30,60,.,-858993460
30,61,.,-858993460
30,62,.,-858993460
30,63,.,-858993460
30,64,.,-858993460
30,65,.,-858993460
30,66,.,-858993460
30,67,.,-858993460
30,68,.,-858993460
30,69,.,-858993460
30,70,.,-858993460
30,71,.,-858993460
30,72,.,-858993460
30,73,.,-858993460
30,74,.,-858993460
31,0,.,-858993460
31,1,.,-858993460
31,2,.,-858993460
31,3,.,-858993460
31,4,.,-858993460
31,5,.,-858993460
31,6,X,1
31,7,.,-858993460
31,8,.,-858993460
31,9,.,-858993460
31,10,.,-858993460
31,11,.,-858993460
31,12,.,-858993460
31,13,.,-858993460
31,14,.,-858993460
31,15,X,1
31,16,.,-858993460
31,17,.,-858993460
31,18,.,-858993460
31,19,.,-858993460
31,20,.,-858993460
31,21,.,-858993460
31,22,.,-858993460
31,23,.,-858993460
31,24,.,-858993460
31,25,.,-858993460
31,26,.,-858993460
31,27,.,-858993460
31,28,.,-858993460
31,29,.,-858993460
31,30,.,-858993460
31,31,.,-858993460
31,32,.,-858993460
31,33,.,-858993460
31,34,.,-858993460
31,35,.,-858993460
31,36,.,-858993460
31,37,.,-858993460
31,38,.,-858993460
31,39,.,-858993460
31,40,.,-858993460
31,41,.,-858993460
31,42,.,-858993460
31,43,.,-858993460
31,44,.,-858993460
31,45,.,-858993460
31,46,.,-858993460
31,47,.,-858993460
31,48,.,-858993460
31,49,.,-858993460
31,50,.,-858993460
31,51,.,-858993460
31,52,.,-858993460
31,53,.,-858993460
31,54,.,-858993460
31,55,.,-858993460
31,56,.,-858993460
31,57,.,-858993460
31,58,.,-858993460
31,59,.,-858993460
31,60,.,-858993460
31,61,.,-858993460
31,62,.,-858993460
31,63,.,-858993460
31,64,.,-858993460
31,65,.,-858993460
31,66,.,-858993460
31,67,.,-858993460
31,68,.,-858993460
31,69,.,-858993460
31,70,.,-858993460
31,71,.,-858993460
31,72,.,-858993460
31,73,.,-858993460
31,74,.,-858993460
32,0,.,-858993460
32,1,.,-858993460
32,2,.,-858993460
32,3,.,-858993460
32,4,.,-858993460
32,5,.,-858993460
32,6,X,1
32,7,X,1
32,8,X,1
32,9,X,1
32,10,X,1
32,11,X,1
32,12,X,1
32,13,X,1
32,14,X,1
32,15,X,1
32,16,.,-858993460
32,17,.,-858993460
32,18,.,-858993460
32,19,.,-858993460
32,20,.,-858993460
32,21,.,-858993460
32,22,.,-858993460
32,23,.,-858993460
32,24,.,-858993460
32,25,.,-858993460
32,26,.,-858993460
32,27,.,-858993460
32,28,.,-858993460
32,29,.,-858993460
32,30,.,-858993460
32,31,.,-858993460
32,32,.,-858993460
32,33,.,-858993460
32,34,.,-858993460
32,35,.,-858993460
32,36,.,-858993460
32,37,.,-858993460
32,38,.,-858993460
32,39,.,-858993460
32,40,.,-858993460
32,41,.,-858993460
32,42,.,-858993460
32,43,.,-858993460
32,44,.,-858993460
32,45,.,-858993460
32,46,.,-858993460
32,47,.,-858993460
32,48,.,-858993460
32,49,.,-858993460
32,50,.,-858993460
32,51,.,-858993460
32,52,.,-858993460
32,53,.,-858993460
32,54,.,-858993460
32,55,.,-858993460
32,56,.,-858993460
32,57,.,-858993460
32,58,.,-858993460
32,59,.,-858993460
32,60,.,-858993460
32,61,.,-858993460
32,62,.,-858993460
32,63,.,-858993460
32,64,.,-858993460
32,65,.,-858993460
32,66,.,-858993460
32,67,.,-858993460
32,68,.,-858993460
32,69,.,-858993460
32,70,.,-858993460
32,71,.,-858993460
32,72,.,-858993460
32,73,.,-858993460
32,74,.,-858993460
33,0,.,-858993460
33,1,.,-858993460
33,2,.,-858993460
33,3,.,-858993460
33,4,.,-858993460
33,5,.,-858993460
33,6,.,-858993460
33,7,.,-858993460
33,8,.,-858993460
33,9,.,-858993460
33,10,.,-858993460
33,11,.,-858993460
33,12,.,-858993460
33,13,.,-858993460
33,14,.,-858993460
33,15,.,-858993460
33,16,.,-858993460
33,17,.,-858993460
33,18,.,-858993460
33,19,.,-858993460
33,20,.,-858993460
33,21,.,-858993460
33,22,.,-858993460
33,23,.,-858993460
33,24,.,-858993460
33,25,.,-858993460
33,26,.,-858993460
33,27,.,-858993460
33,28,.,-858993460
33,29,.,-858993460
33,30,.,-858993460
33,31,.,-858993460
33,32,.,-858993460
33,33,.,-858993460
33,34,.,-858993460
33,35,.,-858993460
33,36,.,-858993460
33,37,.,-858993460
33,38,.,-858993460
33,39,.,-858993460
33,40,.,-858993460
33,41,.,-858993460
33,42,.,-858993460
33,43,.,-858993460
33,44,.,-858993460
33,45,.,-858993460
33,46,.,-858993460
33,47,.,-858993460
33,48,.,-858993460
33,49,.,-858993460
33,50,.,-858993460
33,51,.,-858993460
33,52,.,-858993460
33,53,.,-858993460
33,54,.,-858993460
33,55,.,-858993460
33,56,.,-858993460
33,57,.,-858993460
33,58,.,-858993460
33,59,.,-858993460
33,60,.,-858993460
33,61,.,-858993460
33,62,.,-858993460
33,63,.,-858993460
33,64,.,-858993460
33,65,.,-858993460
33,66,.,-858993460
33,67,.,-858993460
33,68,.,-858993460
33,69,.,-858993460
33,70,.,-858993460
33,71,.,-858993460
33,72,.,-858993460
33,73,.,-858993460
33,74,.,-858993460
34,0,.,-858993460
34,1,.,-858993460
34,2,.,-858993460
34,3,.,-858993460
34,4,.,-858993460
34,5,.,-858993460
34,6,.,-858993460
34,7,.,-858993460
34,8,.,-858993460
34,9,.,-858993460
34,10,.,-858993460
34,11,.,-858993460
34,12,.,-858993460
34,13,.,-858993460
34,14,.,-858993460
34,15,.,-858993460
34,16,.,-858993460
34,17,.,-858993460
34,18,.,-858993460
34,19,.,-858993460
34,20,.,-858993460
34,21,.,-858993460
34,22,.,-858993460
34,23,.,-858993460
34,24,.,-858993460
34,25,.,-858993460
34,26,.,-858993460
34,27,.,-858993460
34,28,.,-858993460
34,29,.,-858993460
34,30,.,-858993460
34,31,.,-858993460
34,32,.,-858993460
34,33,.,-858993460
34,34,.,-858993460
34,35,.,-858993460
34,36,.,-858993460
34,37,.,-858993460
34,38,.,-858993460
34,39,.,-858993460
34,40,.,-858993460
34,41,.,-858993460
34,42,.,-858993460
34,43,.,-858993460
34,44,.,-858993460
34,45,.,-858993460
34,46,.,-858993460
34,47,.,-858993460
34,48,.,-858993460
34,49,.,-858993460
34,50,.,-858993460
34,51,.,-858993460
34,52,.,-858993460
34,53,.,-858993460
34,54,.,-858993460
34,55,.,-858993460
34,56,.,-858993460
34,57,.,-858993460
34,58,.,-858993460
34,59,.,-858993460
34,60,.,-858993460
34,61,.,-858993460
34,62,.,-858993460
34,63,.,-858993460
34,64,.,-858993460
34,65,.,-858993460
34,66,.,-858993460
34,67,.,-858993460
34,68,.,-858993460
34,69,.,-858993460
34,70,.,-858993460
34,71,.,-858993460
34,72,.,-858993460
34,73,.,-858993460
34,74,.,-858993460
35,0,.,-858993460
35,1,.,-858993460
35,2,.,-858993460
35,3,.,-858993460
35,4,.,-858993460
35,5,.,-858993460
35,6,.,-858993460
35,7,.,-858993460
35,8,.,-858993460
35,9,.,-858993460
35,10,.,-858993460
35,11,.,-858993460
35,12,.,-858993460
35,13,.,-858993460
35,14,.,-858993460
35,15,.,-858993460
35,16,.,-858993460
35,17,.,-858993460
35,18,.,-858993460
35,19,.,-858993460
35,20,.,-858993460
35,21,.,-858993460
35,22,.,-858993460
35,23,.,-858993460
35,24,.,-858993460
35,25,.,-858993460
35,26,.,-858993460
35,27,.,-858993460
35,28,.,-858993460
35,29,.,-858993460
35,30,.,-858993460
35,31,.,-858993460
35,32,.,-858993460
35,33,.,-858993460
35,34,.,-858993460
35,35,.,-858993460
35,36,.,-858993460
35,37,.,-858993460
35,38,.,-858993460
35,39,.,-858993460
35,40,.,-858993460
35,41,.,-858993460
35,42,.,-858993460
35,43,.,-858993460
35,44,.,-858993460
35,45,.,-858993460
35,46,.,-858993460
35,47,.,-858993460
35,48,.,-858993460
35,49,.,-858993460
35,50,.,-858993460
35,51,.,-858993460
35,52,.,-858993460
35,53,.,-858993460
35,54,.,-858993460
35,55,.,-858993460
35,56,.,-858993460
35,57,.,-858993460
35,58,.,-858993460
35,59,.,-858993460
35,60,.,-858993460
35,61,.,-858993460
35,62,.,-858993460
35,63,.,-858993460
35,64,.,-858993460
35,65,.,-858993460
35,66,.,-858993460
35,67,.,-858993460
35,68,.,-858993460
35,69,.,-858993460
35,70,.,-858993460
35,71,.,-858993460
35,72,.,-858993460
35,73,.,-858993460
35,74,.,-858993460
36,0,.,-858993460
36,1,.,-858993460
36,2,.,-858993460
36,3,.,-858993460
36,4,.,-858993460
36,5,.,-858993460
36,6,.,-858993460
36,7,.,-858993460
36,8,.,-858993460
36,9,.,-858993460
36,10,.,-858993460
36,11,.,-858993460
36,12,.,-858993460
36,13,.,-858993460
36,14,.,-858993460
36,15,.,-858993460
36,16,.,-858993460
36,17,.,-858993460
36,18,.,-858993460
36,19,.,-858993460
36,20,.,-858993460
36,21,.,-858993460
36,22,.,-858993460
36,23,.,-858993460
36,24,.,-858993460
36,25,.,-858993460
36,26,.,-858993460
36,27,.,-858993460
36,28,.,-858993460
36,29,.,-858993460
36,30,.,-858993460
36,31,.,-858993460
36,32,.,-858993460
36,33,.,-858993460
36,34,.,-858993460
36,35,.,-858993460
36,36,.,-858993460
36,37,.,-858993460
36,38,.,-858993460
36,39,.,-858993460
36,40,.,-858993460
36,41,.,-858993460
36,42,.,-858993460
36,43,.,-858993460
36,44,.,-858993460
36,45,.,-858993460
36,46,.,-858993460
36,47,.,-858993460
36,48,.,-858993460
36,49,.,-858993460
36,50,.,-858993460
36,51,.,-858993460
36,52,.,-858993460
36,53,.,-858993460
36,54,.,-858993460
36,55,.,-858993460
36,56,.,-858993460
36,57,.,-858993460
36,58,.,-858993460
36,59,.,-858993460
36,60,.,-858993460
36,61,.,-858993460
36,62,.,-858993460
36,63,.,-858993460
36,64,.,-858993460
36,65,.,-858993460
36,66,.,-858993460
36,67,.,-858993460
36,68,.,-858993460
36,69,.,-858993460
36,70,.,-858993460
36,71,.,-858993460
36,72,.,-858993460
36,73,.,-858993460
36,74,.,-858993460
37,0,.,-858993460
37,1,.,-858993460
37,2,.,-858993460
37,3,.,-858993460
37,4,.,-858993460
37,5,.,-858993460
37,6,.,-858993460
37,7,.,-858993460
37,8,.,-858993460
37,9,.,-858993460
37,10,.,-858993460
37,11,.,-858993460
37,12,.,-858993460
37,13,.,-858993460
37,14,.,-858993460
37,15,.,-858993460
37,16,.,-858993460
37,17,.,-858993460
37,18,.,-858993460
37,19,.,-858993460
37,20,.,-858993460
37,21,.,-858993460
37,22,.,-858993460
37,23,.,-858993460
37,24,.,-858993460
37,25,.,-858993460
37,26,.,-858993460
37,27,.,-858993460
37,28,.,-858993460
37,29,.,-858993460
37,30,.,-858993460
37,31,.,-858993460
37,32,.,-858993460
37,33,.,-858993460
37,34,.,-858993460
37,35,.,-858993460
37,36,.,-858993460
37,37,.,-858993460
37,38,.,-858993460
37,39,.,-858993460
37,40,.,-858993460
37,41,.,-858993460
37,42,.,-858993460
37,43,.,-858993460
37,44,.,-858993460
37,45,.,-858993460
37,46,.,-858993460
37,47,.,-858993460
37,48,.,-858993460
37,49,.,-858993460
37,50,.,-858993460
37,51,.,-858993460
37,52,.,-858993460
37,53,.,-858993460
37,54,.,-858993460
37,55,.,-858993460
37,56,.,-858993460
37,57,.,-858993460
37,58,.,-858993460
37,59,.,-858993460
37,60,.,-858993460
37,61,.,-858993460
37,62,.,-858993460
37,63,.,-858993460
37,64,.,-858993460
37,65,.,-858993460
37,66,.,-858993460
37,67,.,-858993460
37,68,.,-858993460
37,69,.,-858993460
37,70,.,-858993460
37,71,.,-858993460
37,72,.,-858993460
37,73,.,-858993460
37,74,.,-858993460
38,0,.,-858993460
38,1,.,-858993460
38,2,.,-858993460
38,3,.,-858993460
38,4,.,-858993460
38,5,.,-858993460
38,6,.,-858993460
38,7,.,-858993460
38,8,.,-858993460
38,9,.,-858993460
38,10,.,-858993460
38,11,.,-858993460
38,12,.,-858993460
38,13,.,-858993460
38,14,.,-858993460
38,15,.,-858993460
38,16,.,-858993460
38,17,.,-858993460
38,18,.,-858993460
38,19,.,-858993460
38,20,.,-858993460
38,21,.,-858993460
38,22,.,-858993460
38,23,.,-858993460
38,24,.,-858993460
38,25,.,-858993460
38,26,.,-858993460
38,27,.,-858993460
38,28,.,-858993460
38,29,.,-858993460
38,30,.,-858993460
38,31,.,-858993460
38,32,.,-858993460
38,33,.,-858993460
38,34,.,-858993460
38,35,.,-858993460
38,36,.,-858993460
38,37,.,-858993460
38,38,.,-858993460
38,39,.,-858993460
38,40,.,-858993460
38,41,.,-858993460
38,42,.,-858993460
38,43,.,-858993460
38,44,.,-858993460
38,45,.,-858993460
38,46,.,-858993460
38,47,.,-858993460
38,48,.,-858993460
38,49,.,-858993460
38,50,.,-858993460
38,51,.,-858993460
38,52,.,-858993460
38,53,.,-858993460
38,54,.,-858993460
38,55,.,-858993460
38,56,.,-858993460
38,57,.,-858993460
38,58,.,-858993460
38,59,.,-858993460
38,60,.,-858993460
38,61,.,-858993460
38,62,.,-858993460
38,63,.,-858993460
38,64,.,-858993460
38,65,.,-858993460
38,66,.,-858993460
38,67,.,-858993460
38,68,.,-858993460
38,69,.,-858993460
38,70,.,-858993460
38,71,.,-858993460
38,72,.,-858993460
38,73,.,-858993460
38,74,.,-858993460
39,0,.,-858993460
39,1,.,-858993460
39,2,.,-858993460
39,3,.,-858993460
39,4,.,-858993460
39,5,.,-858993460
39,6,.,-858993460
39,7,.,-858993460
39,8,.,-858993460
39,9,.,-858993460
39,10,.,-858993460
39,11,.,-858993460
39,12,.,-858993460
39,13,.,-858993460
39,14,.,-858993460
39,15,.,-858993460
39,16,.,-858993460
39,17,.,-858993460
39,18,.,-858993460
39,19,.,-858993460
39,20,.,-858993460
39,21,.,-858993460
39,22,.,-858993460
39,23,.,-858993460
39,24,.,-858993460
39,25,.,-858993460
39,26,.,-858993460
39,27,.,-858993460
39,28,.,-858993460
39,29,.,-858993460
39,30,.,-858993460
39,31,.,-858993460
39,32,.,-858993460
39,33,.,-858993460
39,34,.,-858993460
39,35,.,-858993460
39,36,.,-858993460
39,37,.,-858993460
39,38,.,-858993460
39,39,.,-858993460
39,40,.,-858993460
39,41,.,-858993460
39,42,.,-858993460
39,43,.,-858993460
39,44,.,-858993460
39,45,.,-858993460
39,46,.,-858993460
39,47,.,-858993460
39,48,.,-858993460
39,49,.,-858993460
39,50,.,-858993460
39,51,.,-858993460
39,52,.,-858993460
39,53,.,-858993460
39,54,.,-858993460
39,55,.,-858993460
39,56,.,-858993460
39,57,.,-858993460
39,58,.,-858993460
39,59,.,-858993460
39,60,.,-858993460
39,61,.,-858993460
39,62,.,-858993460
39,63,.,-858993460
39,64,.,-858993460
39,65,.,-858993460
39,66,.,-858993460
39,67,.,-858993460
39,68,.,-858993460
39,69,.,-858993460
39,70,.,-858993460
39,71,.,-858993460
39,72,.,-858993460
39,73,.,-858993460
39,74,.,-858993460
40,0,.,-858993460
40,1,.,-858993460
40,2,.,-858993460
40,3,.,-858993460
40,4,.,-858993460
40,5,.,-858993460
40,6,.,-858993460
40,7,.,-858993460
40,8,.,-858993460
40,9,.,-858993460
40,10,.,-858993460
40,11,.,-858993460
40,12,.,-858993460
40,13,.,-858993460
40,14,.,-858993460
40,15,.,-858993460
40,16,.,-858993460
40,17,.,-858993460
40,18,.,-858993460
40,19,.,-858993460
40,20,.,-858993460
40,21,.,-858993460
40,22,.,-858993460
40,23,.,-858993460
40,24,.,-858993460
40,25,.,-858993460
40,26,.,-858993460
40,27,.,-858993460
40,28,.,-858993460
40,29,.,-858993460
40,30,.,-858993460
40,31,.,-858993460
40,32,.,-858993460
40,33,.,-858993460
40,34,.,-858993460
40,35,.,-858993460
40,36,.,-858993460
40,37,.,-858993460
40,38,.,-858993460
40,39,.,-858993460
40,40,.,-858993460
40,41,.,-858993460
40,42,.,-858993460
40,43,.,-858993460
40,44,.,-858993460
40,45,.,-858993460
40,46,.,-858993460
40,47,.,-858993460
40,48,.,-858993460
40,49,.,-858993460
40,50,.,-858993460
40,51,.,-858993460
40,52,.,-858993460
40,53,.,-858993460
40,54,.,-858993460
40,55,.,-858993460
40,56,.,-858993460
40,57,.,-858993460
40,58,.,-858993460
40,59,.,-858993460
40,60,.,-858993460
40,61,.,-858993460
40,62,.,-858993460
40,63,.,-858993460
40,64,.,-858993460
40,65,.,-858993460
40,66,.,-858993460
40,67,.,-858993460
40,68,.,-858993460
40,69,.,-858993460
40,70,.,-858993460
40,71,.,-858993460
40,72,.,-858993460
40,73,.,-858993460
40,74,.,-858993460
41,0,.,-858993460
41,1,.,-858993460
41,2,.,-858993460
41,3,.,-858993460
41,4,.,-858993460
41,5,.,-858993460
41,6,.,-858993460
41,7,.,-858993460
41,8,.,-858993460
41,9,.,-858993460
41,10,.,-858993460
41,11,.,-858993460
41,12,.,-858993460
41,13,.,-858993460
41,14,.,-858993460
41,15,.,-858993460
41,16,.,-858993460
41,17,.,-858993460
41,18,.,-858993460
41,19,.,-858993460
41,20,.,-858993460
41,21,.,-858993460
41,22,.,-858993460
41,23,.,-858993460
41,24,.,-858993460
41,25,.,-858993460
41,26,.,-858993460
41,27,.,-858993460
41,28,.,-858993460
41,29,.,-858993460
41,30,.,-858993460
41,31,.,-858993460
41,32,.,-858993460
41,33,.,-858993460
41,34,.,-858993460
41,35,.,-858993460
41,36,.,-858993460
41,37,.,-858993460
41,38,.,-858993460
41,39,.,-858993460
41,40,.,-858993460
41,41,.,-858993460
41,42,.,-858993460
41,43,.,-858993460
41,44,.,-858993460
41,45,.,-858993460
41,46,.,-858993460
41,47,.,-858993460
41,48,.,-858993460
41,49,.,-858993460
41,50,.,-858993460
41,51,.,-858993460
41,52,.,-858993460
41,53,.,-858993460
41,54,.,-858993460
41,55,.,-858993460
41,56,.,-858993460
41,57,.,-858993460
41,58,.,-858993460
41,59,.,-858993460
41,60,.,-858993460
41,61,.,-858993460
41,62,.,-858993460
41,63,.,-858993460
41,64,.,-858993460
41,65,.,-858993460
41,66,.,-858993460
41,67,.,-858993460
41,68,.,-858993460
41,69,.,-858993460
41,70,.,-858993460
41,71,.,-858993460
41,72,.,-858993460
41,73,.,-858993460
41,74,.,-858993460
42,0,.,-858993460
42,1,.,-858993460
42,2,.,-858993460
42,3,.,-858993460
42,4,.,-858993460
42,5,.,-858993460
42,6,.,-858993460
42,7,.,-858993460
42,8,.,-858993460
42,9,.,-858993460
42,10,.,-858993460
42,11,.,-858993460
42,12,.,-858993460
42,13,.,-858993460
42,14,.,-858993460
42,15,.,-858993460
42,16,.,-858993460
42,17,.,-858993460
42,18,.,-858993460
42,19,.,-858993460
42,20,.,-858993460
42,21,.,-858993460
42,22,.,-858993460
42,23,.,-858993460
42,24,.,-858993460
42,25,.,-858993460
42,26,.,-858993460
42,27,.,-858993460
42,28,.,-858993460
42,29,.,-858993460
42,30,.,-858993460
42,31,.,-858993460
42,32,.,-858993460
42,33,.,-858993460
42,34,.,-858993460
42,35,.,-858993460
42,36,.,-858993460
42,37,.,-858993460
42,38,.,-858993460
42,39,.,-858993460
42,40,.,-858993460
42,41,.,-858993460
42,42,.,-858993460
42,43,.,-858993460
42,44,.,-858993460
42,45,.,-858993460
42,46,.,-858993460
42,47,.,-858993460
42,48,.,-858993460
42,49,.,-858993460
42,50,.,-858993460
42,51,.,-858993460
42,52,.,-858993460
42,53,.,-858993460
42,54,.,-858993460
42,55,.,-858993460
42,56,.,-858993460
42,57,.,-858993460
42,58,.,-858993460
42,59,.,-858993460
42,60,.,-858993460
42,61,.,-858993460
42,62,.,-858993460
42,63,.,-858993460
42,64,.,-858993460
42,65,.,-858993460
42,66,.,-858993460
42,67,.,-858993460
42,68,.,-858993460
42,69,.,-858993460
42,70,.,-858993460
42,71,.,-858993460
42,72,.,-858993460
42,73,.,-858993460
42,74,.,-858993460
43,0,.,-858993460
43,1,.,-858993460
43,2,.,-858993460
43,3,.,-858993460
43,4,.,-858993460
43,5,.,-858993460
43,6,.,-858993460
43,7,.,-858993460
43,8,.,-858993460
43,9,.,-858993460
43,10,.,-858993460
43,11,.,-858993460
43,12,.,-858993460
43,13,.,-858993460
43,14,.,-858993460
43,15,.,-858993460
43,16,.,-858993460
43,17,.,-858993460
43,18,.,-858993460
43,19,.,-858993460
43,20,.,-858993460
43,21,.,-858993460
43,22,.,-858993460
43,23,.,-858993460
43,24,.,-858993460
43,25,.,-858993460
43,26,.,-858993460
43,27,.,-858993460
43,28,.,-858993460
43,29,.,-858993460
43,30,.,-858993460
43,31,.,-858993460
43,32,.,-858993460
43,33,.,-858993460
43,34,.,-858993460
43,35,.,-858993460
43,36,.,-858993460
43,37,.,-858993460
43,38,.,-858993460
43,39,.,-858993460
43,40,.,-858993460
43,41,.,-858993460
43,42,.,-858993460
43,43,.,-858993460
43,44,.,-858993460
43,45,.,-858993460
43,46,.,-858993460
43,47,.,-858993460
43,48,.,-858993460
43,49,.,-858993460
43,50,.,-858993460
43,51,.,-858993460
43,52,.,-858993460
43,53,.,-858993460
43,54,.,-858993460
43,55,.,-858993460
43,56,.,-858993460
43,57,.,-858993460
43,58,.,-858993460
43,59,.,-858993460
43,60,.,-858993460
43,61,.,-858993460
43,62,.,-858993460
43,63,.,-858993460
43,64,.,-858993460
43,65,.,-858993460
43,66,.,-858993460
43,67,.,-858993460
43,68,.,-858993460
43,69,.,-858993460
43,70,.,-858993460
43,71,.,-858993460
43,72,.,-858993460
43,73,.,-858993460
43,74,.,-858993460
44,0,.,-858993460
44,1,.,-858993460
44,2,.,-858993460
44,3,.,-858993460
44,4,.,-858993460
44,5,.,-858993460
44,6,.,-858993460
44,7,.,-858993460
44,8,.,-858993460
44,9,.,-858993460
44,10,.,-858993460
44,11,.,-858993460
44,12,.,-858993460
44,13,.,-858993460
44,14,.,-858993460
44,15,.,-858993460
44,16,.,-858993460
44,17,.,-858993460
44,18,.,-858993460
44,19,.,-858993460
44,20,.,-858993460
44,21,.,-858993460
44,22,.,-858993460
44,23,.,-858993460
44,24,.,-858993460
44,25,.,-858993460
44,26,.,-858993460
44,27,.,-858993460
44,28,.,-858993460
44,29,.,-858993460
44,30,.,-858993460
44,31,.,-858993460
44,32,.,-858993460
44,33,.,-858993460
44,34,.,-858993460
44,35,.,-858993460
44,36,.,-858993460
44,37,.,-858993460
44,38,.,-858993460
44,39,.,-858993460
44,40,.,-858993460
44,41,.,-858993460
44,42,.,-858993460
44,43,.,-858993460
44,44,.,-858993460
44,45,.,-858993460
44,46,.,-858993460
44,47,.,-858993460
44,48,.,-858993460
44,49,.,-858993460
44,50,.,-858993460
44,51,.,-858993460
44,52,.,-858993460
44,53,.,-858993460
44,54,.,-858993460
44,55,.,-858993460
44,56,.,-858993460
44,57,.,-858993460
44,58,.,-858993460
44,59,.,-858993460
44,60,.,-858993460
44,61,.,-858993460
44,62,.,-858993460
44,63,.,-858993460
44,64,.,-858993460
44,65,.,-858993460
44,66,.,-858993460
44,67,.,-858993460
44,68,.,-858993460
44,69,.,-858993460
44,70,.,-858993460
44,71,.,-858993460
44,72,.,-858993460
44,73,.,-858993460
44,74,.,-858993460
45,0,.,-858993460
45,1,.,-858993460
45,2,.,-858993460
45,3,.,-858993460
45,4,.,-858993460
45,5,.,-858993460
45,6,.,-858993460
45,7,.,-858993460
45,8,.,-858993460
45,9,.,-858993460
45,10,.,-858993460
45,11,.,-858993460
45,12,.,-858993460
45,13,.,-858993460
45,14,.,-858993460
45,15,.,-858993460
45,16,.,-858993460
45,17,.,-858993460
45,18,.,-858993460
45,19,.,-858993460
45,20,.,-858993460
45,21,.,-858993460
45,22,.,-858993460
45,23,.,-858993460
45,24,.,-858993460
45,25,.,-858993460
45,26,.,-858993460
45,27,.,-858993460
45,28,.,-858993460
45,29,.,-858993460
45,30,.,-858993460
45,31,.,-858993460
45,32,.,-858993460
45,33,.,-858993460
45,34,.,-858993460
45,35,.,-858993460
45,36,.,-858993460
45,37,.,-858993460
45,38,.,-858993460
45,39,.,-858993460
45,40,.,-858993460
45,41,.,-858993460
45,42,.,-858993460
45,43,.,-858993460
45,44,.,-858993460
45,45,.,-858993460
45,46,.,-858993460
45,47,.,-858993460
45,48,.,-858993460
45,49,.,-858993460
45,50,.,-858993460
45,51,.,-858993460
45,52,.,-858993460
45,53,.,-858993460
45,54,.,-858993460
45,55,.,-858993460
45,56,.,-858993460
45,57,.,-858993460
45,58,.,-858993460
45,59,.,-858993460
45,60,.,-858993460
45,61,.,-858993460
45,62,.,-858993460
45,63,.,-858993460
45,64,.,-858993460
45,65,.,-858993460
45,66,.,-858993460
45,67,.,-858993460
45,68,.,-858993460
45,69,.,-858993460
45,70,.,-858993460
45,71,.,-858993460
45,72,.,-858993460
45,73,.,-858993460
45,74,.,-858993460
46,0,.,-858993460
46,1,.,-858993460
46,2,.,-858993460
46,3,.,-858993460
46,4,.,-858993460
46,5,.,-858993460
46,6,.,-858993460
46,7,.,-858993460
46,8,.,-858993460
46,9,.,-858993460
46,10,.,-858993460
46,11,.,-858993460
46,12,.,-858993460
46,13,.,-858993460
46,14,.,-858993460
46,15,.,-858993460
46,16,.,-858993460
46,17,.,-858993460
46,18,.,-858993460
46,19,.,-858993460
46,20,.,-858993460
46,21,.,-858993460
46,22,.,-858993460
46,23,.,-858993460
46,24,.,-858993460
46,25,.,-858993460
46,26,.,-858993460
46,27,.,-858993460
46,28,.,-858993460
46,29,.,-858993460
46,30,.,-858993460
46,31,.,-858993460
46,32,.,-858993460
46,33,.,-858993460
46,34,.,-858993460
46,35,.,-858993460
46,36,.,-858993460
46,37,.,-858993460
46,38,.,-858993460
46,39,.,-858993460
46,40,.,-858993460
46,41,.,-858993460
46,42,.,-858993460
46,43,.,-858993460
46,44,.,-858993460
46,45,.,-858993460
46,46,.,-858993460
46,47,.,-858993460
46,48,.,-858993460
46,49,.,-858993460
46,50,.,-858993460
46,51,.,-858993460
46,52,.,-858993460
46,53,.,-858993460
46,54,.,-858993460
46,55,.,-858993460
46,56,.,-858993460
46,57,.,-858993460
46,58,.,-858993460
46,59,.,-858993460
46,60,.,-858993460
46,61,.,-858993460
46,62,.,-858993460
46,63,.,-858993460
46,64,.,-858993460
46,65,.,-858993460
46,66,.,-858993460
46,67,.,-858993460
46,68,.,-858993460
46,69,.,-858993460
46,70,.,-858993460
46,71,.,-858993460
46,72,.,-858993460
46,73,.,-858993460
46,74,.,-858993460
47,0,.,-858993460
47,1,.,-858993460
47,2,.,-858993460
47,3,.,-858993460
47,4,.,-858993460
47,5,.,-858993460
47,6,.,-858993460
47,7,.,-858993460
47,8,.,-858993460
47,9,.,-858993460
47,10,.,-858993460
47,11,.,-858993460
47,12,.,-858993460
47,13,.,-858993460
47,14,.,-858993460
47,15,.,-858993460
47,16,.,-858993460
47,17,.,-858993460
47,18,.,-858993460
47,19,.,-858993460
47,20,.,-858993460
47,21,.,-858993460
47,22,.,-858993460
47,23,.,-858993460
47,24,.,-858993460
47,25,.,-858993460
47,26,.,-858993460
47,27,.,-858993460
47,28,.,-858993460
47,29,.,-858993460
47,30,.,-858993460
47,31,.,-858993460
47,32,.,-858993460
47,33,.,-858993460
47,34,.,-858993460
47,35,.,-858993460
47,36,.,-858993460
47,37,.,-858993460
47,38,.,-858993460
47,39,.,-858993460
47,40,.,-858993460
47,41,.,-858993460
47,42,.,-858993460
47,43,.,-858993460
47,44,.,-858993460
47,45,.,-858993460
47,46,.,-858993460
47,47,.,-858993460
47,48,.,-858993460
47,49,.,-858993460
47,50,.,-858993460
47,51,.,-858993460
47,52,.,-858993460
47,53,.,-858993460
47,54,.,-858993460
47,55,.,-858993460
47,56,.,-858993460
47,57,.,-858993460
47,58,.,-858993460
47,59,.,-858993460
47,60,.,-858993460
47,61,.,-858993460
47,62,.,-858993460
47,63,.,-858993460
47,64,.,-858993460
47,65,.,-858993460
47,66,.,-858993460
47,67,.,-858993460
47,68,.,-858993460
47,69,.,-858993460
47,70,.,-858993460
47,71,.,-858993460
47,72,.,-858993460
47,73,.,-858993460
47,74,.,-858993460
48,0,.,-858993460
48,1,.,-858993460
48,2,.,-858993460
48,3,.,-858993460
48,4,.,-858993460
48,5,.,-858993460
48,6,.,-858993460
48,7,.,-858993460
48,8,.,-858993460
48,9,.,-858993460
48,10,.,-858993460
48,11,.,-858993460
48,12,.,-858993460
48,13,.,-858993460
48,14,.,-858993460
48,15,.,-858993460
48,16,.,-858993460
48,17,.,-858993460
48,18,.,-858993460
48,19,.,-858993460
48,20,.,-858993460
48,21,.,-858993460
48,22,.,-858993460
48,23,.,-858993460
48,24,.,-858993460
48,25,.,-858993460
48,26,.,-858993460
48,27,.,-858993460
48,28,.,-858993460
48,29,.,-858993460
48,30,.,-858993460
48,31,.,-858993460
48,32,.,-858993460
48,33,.,-858993460
48,34,.,-858993460
48,35,.,-858993460
48,36,.,-858993460
48,37,.,-858993460
48,38,.,-858993460
48,39,.,-858993460
48,40,.,-858993460
48,41,.,-858993460
48,42,.,-858993460
48,43,.,-858993460
48,44,.,-858993460
48,45,.,-858993460
48,46,.,-858993460
48,47,.,-858993460
48,48,.,-858993460
48,49,.,-858993460
48,50,.,-858993460
48,51,.,-858993460
48,52,.,-858993460
48,53,.,-858993460
48,54,.,-858993460
48,55,.,-858993460
48,56,.,-858993460
48,57,.,-858993460
48,58,.,-858993460
48,59,.,-858993460
48,60,.,-858993460
48,61,.,-858993460
48,62,.,-858993460
48,63,.,-858993460
48,64,.,-858993460
48,65,.,-858993460
48,66,.,-858993460
48,67,.,-858993460
48,68,.,-858993460
48,69,.,-858993460
48,70,.,-858993460
48,71,.,-858993460
48,72,.,-858993460
48,73,.,-858993460
48,74,.,-858993460
49,0,.,-858993460
49,1,.,-858993460
49,2,.,-858993460
49,3,.,-858993460
49,4,.,-858993460
49,5,.,-858993460
49,6,.,-858993460
49,7,.,-858993460
49,8,.,-858993460
49,9,.,-858993460
49,10,.,-858993460
49,11,.,-858993460
49,12,.,-858993460
49,13,.,-858993460
49,14,.,-858993460
49,15,.,-858993460
49,16,.,-858993460
49,17,.,-858993460
49,18,.,-858993460
49,19,.,-858993460
49,20,.,-858993460
49,21,.,-858993460
49,22,.,-858993460
49,23,.,-858993460
49,24,.,-858993460
49,25,.,-858993460
49,26,.,-858993460
49,27,.,-858993460
49,28,.,-858993460
49,29,.,-858993460
49,30,.,-858993460
49,31,.,-858993460
49,32,.,-858993460
49,33,.,-858993460
49,34,.,-858993460
49,35,.,-858993460
49,36,.,-858993460
49,37,.,-858993460
49,38,.,-858993460
49,39,.,-858993460
49,40,.,-858993460
49,41,.,-858993460
49,42,.,-858993460
49,43,.,-858993460
49,44,.,-858993460
49,45,.,-858993460
49,46,.,-858993460
49,47,.,-858993460
49,48,.,-858993460
49,49,.,-858993460
49,50,.,-858993460
49,51,.,-858993460
49,52,.,-858993460
49,53,.,-858993460
49,54,.,-858993460
49,55,.,-858993460
49,56,.,-858993460
49,57,.,-858993460
49,58,.,-858993460
49,59,.,-858993460
49,60,.,-858993460
49,61,.,-858993460
49,62,.,-858993460
49,63,.,-858993460
49,64,.,-858993460
49,65,.,-858993460
49,66,.,-858993460
49,67,.,-858993460
49,68,.,-858993460
49,69,.,-858993460
49,70,.,-858993460
49,71,.,-858993460
49,72,.,-858993460
49,73,.,-858993460
49,74,.,-858993460
